A Bad Haircut,13
A Bull Fight,3
A Car Crash,17
A Cheap Motel,5
A Crawl Space,5
A Dozen Red Roses,22
A Flat Tire,17
A Full Moon,1
A Haunted House,5
A High School Bathroom,5
A Honeymoon,22
A Locker Room,5
A Morgue,5
A Nine Iron,17
A School Bus,17
A School Cafeteria,5
A Sunrise,1
A Sunset,1
A Tree House,5
A Used Car Lot,5
Abraham Lincoln,14
Adam Sandler,2
Adolph Hitler,14
AIDS,20
Airline Food,15
Al Pacino,2
Albert Einstein,14
Alfred Hitchcock,14
Alien Abductions,3
Americans,11
Amputations,13
Angry Hornets,20
Andy Warhol,14
Anne Frank,12
Antarctica,7
Anthony Hopkins,2
Apple Pie,8
Apples,4
Armed Robbery,3
Assembly Lines,17
At My Parent's House,5
Atlantis,7
Atomic Bombs,3
Attack On Pearl Harbor,3
Austin Powers,2
Australian Outback,7
Babe Ruth,14
Babies,24
Baby Showers,22
Backstreet Boys,18
Bad Dogs,24
Bagpipes,18
Baked Beans,15
Baked Potatoes,15
Baking Cookies,8
Bald Eagles,24
Ballerinas,11
Bangkok,7
Bankruptcy,6
Barbara Walters,12
Barbed Wire,3
Barfing,23
Barney,19
Bart Simpson,14
Bates Motel,0
Batman,19
Bats,24
Beach Parties,22
Beanie Babies,16
Beauty And The Beast,0
Beer,15
Beer Bellies,13
Beethoven,18
Beets,4
Being In Love,23
Bell-Bottoms,16
Ben Stiller,2
Berlin,7
Big Bang Theory,0
Big Macs,15
Bigfoot,19
Bill Clinton,14
Bill Gates,14
Bill Murray,2
Billboards,17
Bingo,6
Bird Watching,23
Black Holes,1
Black Velvet,16
Blizzard,1
Blood,13
Board Games,21
Body Odor,13
Body Piercing,13
Body Surfing,21
Bonbons,8
Bongos,24
Bottled Water,15
Boxing,21
Boy Scouts,11
Boyfriends,11
Brad Pitt,2
Brain Surgeons,11
Brains,13
Britney Spears,12
Broadway,18
Bruce Willis,2
Bubble Gum,8
Bubbles,9
Bullwinkle,19
Bumper Stickers,17
Bungee Jumping,21
Buying A House,6
Cabbage,4
Cactus,4
California,7
Camping Trip,22
Canada,7
Canadians,11
Captain Kirk,2
Car Bombs,17
Car Horns,17
Carl Sagan,14
Carnival Workers,11
Cary Grant,2
Casablanca,0
Casinos,5
Castles,5
Caves,1
Celine Dion,12
Cell Phones,17
Cesar Chavez,14
Chain Letters,3
Chains,3
Challenger Explosion,10
Chameleons,20
Charging Rhinos,24
Cheesecake,8
Cher,12
Chicago,7
Chicken Pox,20
Chickens,24
Chimpanzees,24
China,7
Chinatown,7
Choir Boys,18
Chorus Girls,18
Cigarette Burns,10
Cigarettes,13
Cinco de Mayo,22
Cindy Crawford,12
Clark Gable,2
Claude Monet,14
Cleaning The Bathroom,23
Cleopatra,12
Clint Eastwood,2
Clowns,11
Cocaine,13
Cockroaches,20
Coconuts,4
Cold Pizza,15
Communists,11
Commuting,23
Computer Hackers,11
Computers,17
Confucius,14
Conspiracy Theories,3
Construction Workers,11
Corn On The Cob,15
Corvettes,17
Count Dracula,19
Country Music,18
Cow-Pies,8
Crazy Horse,19
Creamed Corn,8
Crystal Balls,13
Cuba,7
Cults,11
Custer's Last Stand,3
Dandruff,13
Danielle Steel,12
Danny DeVito,2
Dark Alleys,5
Darth Vader,14
Dating,22
David Letterman,14
Daytime TV,0
Death Valley,7
Deer Hunting,21
Demi Moore,12
Democrats,11
Denzel Washington,2
Detroit,7
Diamonds,16
Discos,18
Discovering America,7
Disneyland,5
Divorce,6
Doctors,11
Doing The Dishes,23
Dolly Parton,12
Dr. Kevorkin,14
Dr. Seuss,14
Driving Off A Cliff,21
Duct Tape,16
E-Mail,6
Ear Wax,13
Earthquakes,1
Earwigs,20
East Coast,7
Eddie Murphy,2
Eleanor Roosevelt,14
Electric Eels,20
Electricity,17
Elephants,24
Elizabeth Taylor,12
Elvis Presley,14
Emily Dickinson,12
Ernest Hemingway,14
Europe,7
Exorcism,3
Eyes,13
Falling Down,23
Family Reunions,22
Family Vacations,22
Family Values,6
Fast Food,15
Feathers,24
Feminists,11
Festering Wounds,13
Fidel Castro,14
Firefighters,10
Firestorms,10
Fireworks,10
First Man On The Moon,14
Flipper,9
Fly Fishing,9
Flying Monkeys,20
Forest Fires,10
Fort Knox,5
Fourth Of July,22
Frank Lloyd Wright,14
Frank Sinatra,14
Freckles,13
Freedom,3
French Wines,4
Fresh Water Pearls,9
Friction,13
Fund Raising,6
Funerals,22
Fur,16
Fuzz,13
Gall Bladder,13
Gang Members,11
Garrison Keillor,14
Garth Brooks,18
Geishas,0
Gen. George S. Patton,14
Genetic Engineering,13
George W. Bush,14
George Washington,14
Georgia O'Keeffe,12
Getting A Hug,23
Ghost Towns,5
Ghosts,20
Giant Squid,9
Gila Monsters,20
Gingko Trees,4
Ginseng,4
Girl Scouts,11
Girlfriends,11
Giving A Hug,23
Glaciers,1
Glazed Donuts,8
Global Warming,1
Going To Church,23
Going To Grandma's,22
Going To School,23
Going To The Dentist,23
Going To The Gym,23
Gold Chains,16
Goldfish,9
Golf-Ball-Sized Hail,1
Grace Kelly,12
Graffiti,3
Grass Skirts,16
Grave Robbers,11
Gravity,1
Greenpeace,11
Gym Teachers,11
Hair Transplants,13
Hairballs,13
Halloween,22
Hand Grenades,3
Handcuffs,3
Handguns,17
Hangnails,13
Having A Baby,23
Having An Operation,23
Hawaii,7
Helen Keller,12
Hiccups,13
High School Football,21
High School Reunions,22
Hillary Rodham Clinton,12
Hiroshima,7
HMOs,13
Hockey,21
Hollywood,7
Homeless Shelters,5
Homer Simpson,14
Homework,6
Hooligans,11
Horseback Riding,21
Hot Lava,1
House Guests,22
Hummingbirds,24
Humphrey Bogart,2
Icebergs,9
In A Coma,13
Incense,4
India,7
Indiana Jones,2
Industrial Revolution,17
Infomercials,17
Inside The Sun,1
Intellectuals,11
Ireland,7
Israel,7
Italy,7
Jack Nicholson,2
Jack The Ripper,19
Jackie Chan,2
Jacques Cousteau,14
Jamaica,7
James Bond,2
James Dean,2
Japan,7
Japanese,7
Jelly Beans,8
Jennifer Lopez,12
Jerry Springer,0
Jesse Jackson,14
Jesse Ventura,14
Jim Carrey,2
Jimmy Stewart,2
Joan Of Arc,12
Jodie Foster,12
John F. Kennedy,14
John Glenn,14
John Philip Sousa,14
John Travolta,2
Judge Judy,12
Julia Roberts,12
Junk Mail,6
Jupiter,1
Katherine Hepburn,12
Keanu Reeves,2
Killer Whales,24
Kilts,16
King Arthur,19
King Henry VIII,14
Knock-Knock Jokes,13
Labor Unions,11
Large Mouth Bass,9
Las Vegas,7
Lawyers,11
Leaf Blowers,17
Leather,16
Leeches,20
Lemons,4
Lenin's Tomb,6
Leonardo Da Vinci,14
Lightning,1
Loan Sharks,11
Lobster,9
Local Police,11
Log Cabins,5
Lollipops,8
London,7
Looking For A Job,5
Los Angeles,7
Losing Your Job,23
Lucille Ball,12
Machine Guns,17
Mad Cow Disease,13
Madame Curie,12
Madonna,12
Magic Tricks,13
Mahatma Gandhi,14
Manhattan,7
Mardi Gras,22
Marilyn Monroe,12
Mark Twain,14
Marriage,6
Mars,1
Martha Stewart,12
Martin Luther King,14
Meat Cleavers,16
Meatloaf,15
Meg Ryan,12
Mel Gibson,2
Men,11
Men In Black,0
Meryl Streep,12
Mexico,7
Mice,20
Michael Jackson,14
Michael Jordon,2
Michelangelo,14
Michelle Pfeiffer,12
Microsoft,17
Midlife Crisis,6
Mike Tyson,2
Miles Davis,18
Milk,8
Milk Duds,8
Mirrors,13
Mold,20
Money,6
Morticians,11
Mosquitoes,20
Motorcycles,17
Mount Rushmore,14
MTV,18
Mud,1
Mudslides,1
Muhammad Ali,14
Musicals,18
My 16th Birthday,22
My Bank Account,6
My Bathroom,5
My Bedroom,5
My Body,13
My Boss,14
My Dreams,22
My Family,11
My First Kiss,22
My Friends,11
My Future,6
My Hair,13
My High School Prom,22
My Job,6
My Love Life,6
My Mind,13
My Neighborhood,5
My Past,6
My Personality,13
My Refrigerator,17
Napoleon Bonaparte,14
NASCAR,21
Neil Simon,14
New Orleans,7
New Shoes,16
New York City,7
Niagara Falls,7
Nicholas Cage,2
Ninjas,11
Nobel Peace Prize,6
Noisy Neighbors,17
Normal Rockwell,13
Nuclear Power Plants,17
NYPD,11
Oil Spills,17
Olive Oil,4
On-Line Shopping,6
Oprah Winfrey,12
Oral Surgery,13
Oranges,4
Oxygen,1
Pablo Picasso,14
Parenting,23
Paris,7
Paying Bills,6
Paying Taxes,6
Penguins,24
Picking Your Nose,23
Pigeons,24
Pigs,24
Piranha,9
Pirates,9
Pit Bulls,24
Plane Crashes,6
Plastic,16
Playing Chess,21
Poison Ivy,20
Pokemon,9
Pond Scum,9
Poodles,24
Popcorn,8
Porsche Boxster,17
Postal Workers,11
Power Tools,17
Prince Charming,19
Princess Di,12
Pro Wrestling,21
Psychiatrists,11
Psychics,11
Public Radio,18
Puff Daddy,19
Pulling Weeds,23
Pumping Iron,13
Pushups,13
Pyramids,1
Quentin Terantino,2
Quicksand,1
Ragweed,4
Rain,1
Rainbows,1
Rappers,11
Reading A Good Book,23
Recreational Vehicles,17
Recycling,17
Red Raspberries,4
Rednecks,11
Redwood Forests,1
Reggae Music,18
Regis Philbin,14
Remote Controls,17
Republicans,11
Richard Nixon,14
Robert DeNiro,2
Road Kill,3
Road Trips,17
Robin Williams,2
Rock And Roll,18
Rock Concert,18
Rocket Scientists,11
Rocky Mountains,7
Rolling The Car,17
Roman Numerals,6
Romeo And Juliet,0
Root Beer Floats,9
Rosa Parks,12
Rosie O'Donnell,12
Rubber Gloves,16
Running A Marathon,21
Rush Limbaugh,14
Russia,7
Rust,17
Saddam Hussein,14
Sailors,9
Salads,15
Salsa Dancing,21
Salvador Dali,14
Samuel L. Jackson,2
Saturday Cartoons,0
San Francisco,7
Saturn,1
Scavenger Hunt,17
Scene Of The Crime,3
Schindler's List,0
Science Fair Projects,1
Science Fiction,3
Screeching,23
Sean Connery,2
Shania Twain,12
Sharks,9
Shopping Mall,5
Silk,16
Silly Putty,13
Skateboarding,21
Skiing,21
Skinheads,11
Skunks,20
Skydiving,21
Sleeping Pills,13
Slivers,20
Sloppy Joes,15
Smithsonian Institution,5
Snakes,20
Snow,1
Social Security,6
Socks,16
South Africa,7
South Park,0
Soy Sauce,15
Spam,6
Speeding Tickets,17
Spiders,20
Spike Lee,2
Spilled Milk,13
Spit,13
Spontaneous Combustion,10
Sport Utility Vehicles,17
Sports Channels,21
Star Fruit,4
Starry Night,1
State Fair,22
Steak And Potatoes,15
Stephen King,14
Steve Martin,2
Steven Spielberg,2
Stonehenge,5
Strawberry Shortcake,8
Stubbed Toes,13
Stunt People,11
Summer Camp,22
Sunday Drivers,17
Superman,19
Supermodels,11
Surfing The Net,23
Sushi,15
Swiss Bank Accounts,6
Swiss Chocolate,8
Swiss Cheese,8
Taking A Bath,23
Talk Radio,18
Teachers,11
Telemarketers,11
Televangelists,11
Television,17
Telling The Truth,6
Terrorist Attack,3
Thanksgiving Day,22
The 1920s,17
The 1950s,17
The 1960s,17
The 1970s,17
The 1980s,17
The 21st Century,3
The Academy Awards,22
The Beach,5
The Beatles,18
The CIA,11
The Cold War,3
The Common Loon,24
The Dallas Cowboys,24
The Dump,5
The Eiffel Tower,5
The Electric Chair,3
The End Of The World,22
The Everglades,7
The Far Left,11
The Far Right,11
The FBI,11
The First Day Of School,22
The French Riviera,7
The Godfather,0
The Grand Canyon,1
The Grateful Dead,18
The Great Chicago Fire,10
The Great Depression,6
The Green Bay Packers,24
The Gulf War,3
The Indy 500,21
The Internet,5
The IRS,6
The JFK Assassination,3
The KKK,11
The Land Of Oz,7
The Little Mermaid,19
The Mafia,11
The Marx Brothers,18
The Metric System,6
The Midwest,7
The Milky Way,1
The Mississippi River,7
The National Enquirer,11
The New York Yankees,11
The NRA,11
The Ocean,1
The Old Man And The Sea,9
The Olympics,21
The Opera,18
The Ozone Layer,1
The Pentagon,5
The Pyramids,1
The Renaissance,3
The Rolling Stones,18
The San Andreas Fault,1
The South,7
The Statue Of Liberty,6
The Super Bowl,22
The Supreme Court,11
The Three Tenors,18
The Titanic,9
The Universe,1
The Vatican,7
The Vietnam Memorial,5
The Williams Sisters,12
The Wright Brothers,0
The YMCA,5
Thomas Edison,14
Thunder,1
Tibet,7
Ticks,20
Tidal Waves,1
Tiger Woods,14
Toasted Marshmallows,8
Toasters,17
Tobacco Companies,11
Toes,13
Tom Cruise,2
Tom Hanks,2
Top Of A Rollercoaster,5
Tornadoes,1
Toys,17
Trailer Parks,5
Trampolines,21
Tree Huggers,11
Truck Stops,17
Tyrannosaurus Rex,14
Underwear,16
United Nations,7
Vacations,22
Vampires,20
Victorian England,7
Video Games,21
Vietnam,7
Vincent Van Gogh,14
Violins,18
VW Beetles,17
Waco,7
Wall Street,6
Walt Disney,14
Warts,20
Watching Football,23
Water Parks,5
Waterbeds,1
Waterfalls,1
Watermelons,4
Weapons Dealers,11
Weddings,22
Wheat,4
Wheel Of Fortune,0
Whipped Cream,8
Whips,16
Whoopie Goldberg,12
Will Smith,2
William Shakespeare,14
Wimbledon,21
Windsurfing,21
Wine Tasting,4
Winning The Lottery,6
Witch Hunts,3
Women,11
Women's Soccer,21
Wood Chippers,17
Woodstock,18
Woody Allen,2
Worms,20
X-Ray Vision,17
X-Rays,13
Yellowstone Park,7
Zen,6
Zucchini,4
A Cabin In The Woods,5
A Can Of Worms,20
A Few Good Men,11
A Fool & His Money,6
A French Maid,19
A Hole In One,1
A Little White Lie,6
A Million Dollars,6
A Mummy,19
A Ringing In My Ears,13
A Spare Tire,17
Abbot & Costello,0
Adam & Eve,0
Alan Greenspan,14
AM & FM,18
Amsterdam,7
Ancient Rome,7
Anna & The King,19
Anna Kournikova,12
Anthrax,20
Antiques Roadshow,0
Antony & Cleopatra,14
Apples & Oranges,4
Aristotle,14
Arm & A Leg,13
Armadillo,24
Arnold Schwarzenegger,2
Aroma Therapy,13
Arsenic & Old Lace,0
Assault & Battery,3
Bagels And Lox,15
Ball & Chain,3
Ballroom Dancing,21
Barbie & Ken,0
Baseball,21
Batman & Robin,0
Bats & Balls,21
BB Guns,17
Beanbag Chairs,16
Beauty & The Beast,0
Beavis & Butt-Head,0
Bed & Breakfast,5
Beer & Pretzels,15
Being & Nothingness,6
Bells & Whistles,17
Bert & Ernie,0
Big Bird,24
Bill & Ted,0
Billy Crystal,2
Black Cats,24
Black Licorice,4
Black Lingerie,16
Blackouts,13
Blood & Tears,3
Blue Velvet,16
Boardwalk & Park Place,5
Body & Soul,3
Body Snatchers,11
Bodybuilders,11
Bonnie & Clyde,12
Bora Bora,9
Bow & Arrows,3
Bowling,21
Bread & Water,15
Breaking & Entering,3
Bride & Groom,22
Brooks & Dunn,18
Brothers & Sisters,0
Bulls & Bears,24
Bumper Cars,17
Burger & Fries,15
Buttons & Bows,16
Calvin & Hobbs,0
Camelot,7
Carlos Santana,18
Carrot & A Stick,15
Cat & Mouse,0
Catherine Zeta-Jones,12
Cats & Dogs,24
Catsup & Mustard,15
Cauliflower,4
Caviar,8
Chain Link Fences,3
Charles & Diana,12
Chat Rooms,5
Chips & Dip,15
Chips & Salsa,15
Chutes & Ladders,17
Circus Peanuts,8
Cleveland,7
Cloned Sheep,24
Cockles & Mussels,9
Colin Powell,14
Comic Books,17
Convenience Stores,5
Cops & Robbers,0
Corn Fields,5
Corned Beef & Cabbage,15
Corrugated Cardboard,16
Cottage Cheese,8
Coughing & Sneezing,13
Cowboys,24
Cowboys & Indians,0
Crabs,9
Crash & Burn,10
Cream & Sugar,8
Crime & Punishment,3
Cup & Saucer,15
Curds & Whey,8
Currier & Ives,0
Cut & Curl,13
D-Day,22
Dallas & Fort Worth,7
David & Goliath,0
Day Care Centers,5
Death & Dying,3
Death & Taxes,6
Dinner & A Movie,22
Doctors & Dentists,11
Dodo Birds,24
Dog Days,22
Doing The Hokey-Pokey,23
Dollars & Cents,6
Double Thick Malts,8
Dr. Evil,19
Dr. Jekyll & Mr. Hyde,0
Dr. Laura,12
Drew Barrymore,12
Drew Carey,2
Drinking & Driving,23
Drunk Drivers,11
Dumb Blonde Jokes,13
Dungeons & Dragons,3
Dustin Hoffman,2
Ebony & Ivory,6
Eggplant,4
Emergency Rooms,5
Exterminators,20
Fairies,20
Faith Hill,12
Fame & Fortune,6
Fat,13
Fear & Loathing,0
Ferdinand & Isabella,14
Fertilizer,4
Field & Stream,6
Fish & Chips,15
Flannel Shirts,16
Flash Floods,1
Florence Nightengale,12
Flowers & Candy,8
Folk Music,18
Food & Shelter,6
Food Poisoning,15
Foot & Mouth,20
Forever & Ever,6
Fortune Cookies,8
Freaks & Geeks,0
Fred & Ginger,0
Fred & Wilma,12
Fred Flintstone,14
Friends & Family,11
Frisbees,21
Frog & Toad,0
Gardening,23
George & Jane,0
Gettysburg,7
Ghosts & Goblins,20
Gilligan's Island,0
Ginger & Mary Ann,12
Giraffes,24
Go Karts,17
Going On A Cruise,22
Gold & Silver,6
Good & Plenty,6
Goose & The Gander,19
Gourmet Coffee Shops,5
Grease,0
Grease & Grime,0
Haiku,6
Hammer & Nails,3
Hammer & Sickle,3
Hang Gliding,21
Hansel & Gretel,0
Hard Boiled Eggs,15
Harrison Ford,2
Harry Potter,0
Harvard & Yale,6
Hawks & Doves,24
Head Lice,20
Heart & Soul,3
Heaven & Hell,5
Herb Gardens,5
Here & There,5
Hills & Valleys,1
Hip Hop,18
Hit & Run,17
Hollywood & Vine,0
Hook & Ladder Trucks,17
Hootie & The Blowfish,18
Horse & Cart,17
Hospital Gowns,16
Hotels & Motels,5
House & Home,6
Howard Stern,14
Husbands & Wives,11
Ice & Snow,1
In The Doghouse,5
Irrational Fears,20
Jenna & Barbara,12
John Wayne,2
Johnny Depp,2
Jonah & The Whale,0
Junkyard Dogs,17
Jurassic Park,0
King Tut,14
Kiss & Tell,22
Knife & Fork,3
Knitting Needles,16
Lady & The Tramp,0
Lance Armstrong,14
Lassie,19
Last Night,22
Last Will & Testament,6
Laurel & Hardy,0
Laverne & Shirley,0
Law & Order,0
Leather & Lace,16
Lemon & Lime,4
Lemon Meringue Pie,8
Lethal Injection,3
Lewis & Clark,14
Liberty & Justice,3
Linguine With Clam Sauce,15
Lions & Tigers,0
Liposuction,13
Liver And Onions,15
Loch Ness Monster,19
Lock & Key,3
Lock & Load,3
Looney Tunes,0
Love & Marriage,6
Lox & Bagels,15
Lucy & Desi,12
M & M's,8
Macaroni & Cheese,15
Mae West,12
Maggots,20
Maple Syrup,8
Marlon Brando,2
Matzo Balls,16
Maui,7
Maximum Security Prison,5
Me & My Shadow,0
Meat & Potatoes,15
Meat Markets,5
Mensa High IQ Society,11
Mickey & Minnie,0
Migraine Headaches,13
Milk & Cookies,8
Milwaukee,7
Minneapolis & St. Paul,7
Mom & Apple Pie,15
Mom & Pop,0
Mom's Cooking,15
Monitor & The Merrimac,6
Monkeys,24
Moon & The Stars,1
Mount Vesuvius,1
Mutual Funds,6
My Father,14
My Life,6
My Memories,22
My Mother,14
NASA,1
Nashville,7
New Yorkers,11
Nirvana,18
North & South Dakota,7
Nosebleeds,13
*NSYNC,18
Nuts & Bolts,17
Odds & Ends,6
Oil & Filter,17
Oil & Vinegar,13
Old Age,13
Ordinary People,11
Pail & Shovel,17
Panning For Gold,6
Paul McCartney & Wings,18
Peace & Love,3
Peace & Quiet,3
Peaches & Cream,8
Peanut Butter & Jelly,8
Peanuts & Popcorn,8
Pebbles & Bamm-Bamm,18
Pencil & Paper,6
Penn & Teller,0
Pez Dispensers,17
Phone & Fax,6
Pineapple,4
Pink Flamingos,24
Pins & Needles,13
Playing Golf,21
Pole Vaulting,21
Pomp & Circumstance,22
Porcupines,24
Pork & Beans,15
Power & Glory,3
President Bush,14
Pride & Prejudice,0
Queen Elizabeth II,12
R & B,18
R & D,6
R & R,3
Raves,22
Reading & Writing,23
Regis & ...,12
Rice & Beans,15
Rice Krispies Treats,8
Richard Simmons,2
Rio De Janeiro,7
Road Rage,17
Robin Hood,19
Rock & Roll,18
Rod & Reel,9
Rogers & Hammerstein,18
Rope Burns,10
Rusty Nails,20
Salt 'N Pepa,15
Salt & Pepper,15
Sand & Surf,1
Sandra Bullock,12
Scented Candles,16
Shake & Bake,8
Shave & A Haircut,13
Shipwrecks,9
Sigmund Freud,14
Sin & Redemption,3
Sitcoms,0
Skin & Bones,13
Slash & Burn,10
Slasher Films,0
Slice & Dice,13
Slip & Fall,21
Slobodan Milosevic,14
Smith & Wesson,17
Smoke & Mirrors,3
Snips & Snails,20
Snoopy & The Red Barron,19
Space & Time,6
Spiders & Snakes,20
Spit & Polish,13
Stalactites & Stalagmites,1
Stamp Collecting,6
Stanley & Livingston,6
Stars & Stripes,3
Sticks & Stones,3
Stocks & Bonds,6
Stop Signs,17
Strained Peas,4
Street Mimes,11
Stretch Limos,17
Strip Malls,5
Sugar & Spice,8
Suit & Tie,16
Sumo Wrestlers,11
Surf & Turf,9
Surprise Parties,22
Tarred & Feathered,3
Tarzan & Jane,0
Tattoo Parlors,5
Tea & Crumpets,15
The 1990s,17
The Atlantic & Pacific,7
The Big Dipper,9
The Birds & The Bees,24
The Chicken & The Egg,15
The Dalai Lama,14
The Dixie Chicks,18
The Graveyard Shift,23
The Great Barrier Reef,9
The Great Wall Of China,1
The Ice Age,1
The Judge,14
The Mounties,11
The North Pole,7
The Princess & The Pea,0
The Scarlet Letter,0
The Symphony,18
The Three Stooges,0
The U.S. Constitution,6
The Young & The Restless,0
Thelma & Louise,0
Three Men & A Baby,11
Thunder & Lightning,1
Timbuktu,7
Time Travel,6
Timothy McVey,2
Tom & Jerry,0
Tony Blair,14
Track & Field,21
Tractors,17
Treasure Hunting,6
Trekkies,11
Trinidad & Tobago,7
Truth & Justice,3
Turkey & Stuffing,15
Tyra Banks,12
Umbrella Drinks,1
Urban Sprawl,7
Velcro,16
Venus & Mars,1
Viagra,13
Volcanoes,1
War & Peace,3
Washer & Dryer,17
Waxing The Floor,13
Weed & Feed,15
Weird Al Yankovic,14
Whips & Chains,3
White Collar Crime,3
Will & Grace,0
Working Out,23
Xena,19
Yin & Yang,3
Zippers,16
Zombies,20
4-H Clubs,5
A Blackberry,4
A Blind Date,22
A Broken Nose,13
A Comb-Over,13
A Damsel In Distress,19
A French Bakery,5
A Galaxy,1
A Genie,19
A Good Education,6
A Midnight Snack,8
A Miracle,13
A One-Horse Town,6
A Pool Boy,19
A Rump Roast,15
Acne,13
Action Figures,17
Acupuncture,13
Airplane Restrooms,5
Alaskan Pipeline,6
Alcoholism,13
Alimony,6
Almond Joy,8
Aluminum Siding,17
American Beauty,0
American Idol,18
An Autopsy,13
Anarchy,3
Angelina Jolie,12
Angels,11
Appalachians,7
Aretha Franklin,12
Avalanches,1
Baghdad,7
Barbra Streisand,12
Bette Midler,12
Big Bellies,13
Bill Cosby,14
Bird Flu,20
Black Eyed Peas,18
Black Widows,20
Blackmail,3
Boa Constrictor,24
Book Clubs,5
Boomerangs,9
Boston Strangler,19
Boston Tea Party,3
Botox,13
Bowling Balls,16
Box Cutters,17
Boys Night Out,22
Breast Implants,13
Broccoli,4
Bruce Lee,2
Budapest,7
Buffalo Soldiers,24
Bulging Biceps,13
Burger King,5
Butter,8
Cabin In The Woods,0
Calculus,6
Cameron Diaz,12
Cannibals,20
Car Insurance,17
Carrots,4
Cashmere Sweaters,16
Caterpillars,20
Central Park,5
Champagne,8
Chaps,11
Chick Flicks,0
Chicken Dance,18
Chicken Feed,15
Chicken,15
Chicks,11
Christopher Reeve,2
Christopher Walken,2
Cigars,4
Cinnamon Toast,8
Cleveland Indians,24
Clinical Depression,23
Coastal Erosion,1
Cockpit Recordings,17
Cocktail Parties,22
Conservatives,11
Corsets,16
Cowboy Boots,16
Cowgirls,11
Cream Puffs,8
Cream Rinse,13
Credit Cards,6
Crisis Centers,5
Crop Circles,13
Cross Dressing,16
Cucumbers,4
Dallas,7
Danny Glover,2
Desperate Housewives,0
Diane Keaton,12
Diet Pills,13
Dirty Dancing,0
DNA Testing,13
Domestic Partners,11
Don King,14
Donald Trump,14
Doomsday,3
Down Comforters,16
Dr. Phil,14
Dreams,13
Drive-In Movies,17
Drooling,23
Duck Decoys,24
Duckbill Platypus,24
EBay,5
Egg Rolls,15
Elvis Impersonators,11
Emeril LaGasse,14
Empire State Building,5
Energizer Bunny,19
Engineers,11
Enron,6
Evolution,13
Exchange Students,11
Facial Hair,13
Factory Work,17
Fangs,20
Farm Animals,24
Father's Day,22
FEMA,11
Fight Club,0
Fire Ants,20
Fire Hydrants,10
Fire-Eaters,10
Fireside Chats,10
First Born,19
Fjords,1
Flannel Sheets,16
Florida,7
Flounders,9
Flying Saucers,20
Flying Solo,6
Foam Rubber,16
Focus Groups,11
Fondue,8
Foreign Films,0
Four-Inch Heels,16
France,7
Fraternities,11
Free Clinics,5
Frogmen,24
Galactic Noise,18
Game Sanctuaries,5
Garage Sales,5
Garlic,4
Gas Prices,6
Gen. Douglas MacArthur,14
Gentlemen,11
Geronimo,19
Getting A Raise,6
Girls Night Out,22
Gladiators,0
Going Bald,13
Graham Crackers,8
Granite,1
Grass Huts,5
Graveyards,5
Gravy,15
Grease Monkeys,0
Greece,7
Green Acres,0
Greenhouse Effect,1
Grilled Cheese,15
Ground Zero,5
Group Therapy,11
Halftime Shows,18
Hamburgers,15
Hardware Stores,5
Hash,13
Hitchhikers,0
Home Alone,0
Home Run,21
Hospitals,5
Hostages,3
Hot Tub Parties,22
Hugh Grant,2
Hugh Hefner,2
Hula-Hoops,21
Hummers,17
Hurricane Katrina,1
Husbands,11
Idaho,7
Identity Crisis,3
Identity Theft,6
Illegal Aliens,11
Income Tax,6
Inflation,6
Injustice,3
Intelligent Design,13
International Spies,11
Internet Dating,22
Iraq,7
Irish Setters,24
Iron Chef,0
Island Retreat,5
Jail,5
James Woods,2
Jane Fonda,12
Janet Jackson,12
Jennifer Anistor,12
Jet Lag,23
John Doe,19
Jahn Malkovich,2
Jugglers,11
Julia Child,12
Justin Timberlake,14
Karaoke,18
Kentucky,7
Kevin Bacon,2
Kevin Costner,2
Knights In Shining Armor,3
Krispy Kreme,8
Labor Pains,13
Lap dogs,24
Larry King,14
Lavender,4
Law School,6
Leaky Faucets,13
Learning Latin,6
Lemmings,20
Lethal Weapons,3
Lettuce,4
Liberals,11
Librarians,11
Lima Beans,4
Limosines,4
Live Bait,9
Long Division,6
Losing Your Luggage,6
Lowriders,17
Lumberjack,19
Luncheon Meat,15
M. C. Escher,14
Magicians,11
Magnetic Fields,1
Malcolm X,14
Mammoth Cave,5
Married Men,11
Mayonnaise,15
Medicinal Plants,4
Meteorologists,11
Miami Beach,7
Michael Moore,14
Mimes,11
Mint Jelly,8
Mistletoe,22
Model Prisoner,3
Mona Lisa,19
Mondays,22
Monopoly,6
Morgan Freeman,2
Mother's Day,22
Mu Shu Pork,15
Mushrooms,4
My Blue Jeans,16
My Car,17
My Dad's Car,17
My Inheritance,6
My Obituary,6
My Sweetheart,19
Nachos,15
Napoleon Dynamite,0
National Debt,6
Nebraska,7
Nelson Mandela,14
New Year's Resolution,6
New York Times,6
Nicole Kidman,12
Norway Spruce,4
Notre Dame Football,21
Nurses,11
Oklahoma City Bombing,3
Oktoberfest,22
Optic Nerves,13
Orlando,7
Owen Wilson,2
Owning Land,6
Pamela Anderson,12
Paper Shredders,17
Parachutes,16
Paradise,7
Paranoid,3
Paris Hilton,12
Park Rangers,11
Patriot Act,3
Penthouse Apartment,5
Phantom Limb,13
Pie Charts,13
Ping-Pong,21
Pneumonia,13
Pockets,16
Political Debates,3
Pomegranates,4
Ponchos,16
Poverty,6
Prescription Drugs,13
Prickly Pears,4
Primrose Path,6
Private Schools,5
Puerto Rico,7
Puppet Shows,0
Pussy Willows,16
Pythons,20
Radishes,4
Rain Forests,1
Rare Coins,6
Ray Charles,14
Razorbacks,24
Reality,3
Red Peppers,4
Renée Zellweger,12
Retirement,6
Richard Gere,2
Ring-Necked Pheasants,24
Risky Business,3
Road Maps,17
Roadies,11
Roadside Cafés,5
Robert Redford,2
Rogaine,13
Saber-Tooth Tigers,24
Safety Pins,16
Sand Dollars,16
Sand Dunes,1
Saturday Night Live,0
Sauerkraut,4
Saunas,5
School Prayer,6
School Uniforms,16
Scientific Knowledge,13
Scorpions,20
Segregation,6
September 11,22
Sermons,3
Sex And The City,0
Sharon Stone,12
Sheep,24
Sherwood Forest,5
Shoplifting,23
Shrek,19
Silicon Valley,7
Single Women,11
Sleep,23
Slot Machines,17
Snoop Dogg,14
Social Workers,11
Sockeye Salmon,9
Sororities,11
Soul Mate,19
Spending Money,6
Spider-Man,19
Sponges,9
Spyware,17
Starbucks,5
Steak & Eggs,15
Stem Cell Research,13
Steroids,13
Steven Seagal,2
Substitute Teachers,11
Sugar Daddy,19
Super Powers,13
Susan Sarandon,12
Sweet Potatoes,4
Swordfish,9
Target Stores,5
Tater Tots,15
Ted Kennedy,14
Teleporters,17
The Atkins Diet,15
The Attic,5
The Axis Of Evil,3
The Beach Boys,18
The Daily Show,0
The Economy,6
The Frozen Tundra,1
The Hamptons,5
The Infantry,11
The Louisianna Purchase,6
The Marines,11
The Meaning Of Life,6
The Milk Man,19
The Mob,11
The Moral Majority,11
The Pope,14
The Purple Heart,3
The Real World,0
The Rodeo,5
The Secret Service,11
The Seven Dwarfs,0
The Speed Of Light,6
The Starship Enterprise,17
The Suburbs,5
The Village People,11
Thistles,4
Thomas Jefferson,14
Three Bears,24
Toe Rings,16
Tony Bennett,18
Tony Hawk,21
Tourists,11
Train Depots,5
Trench Coat,16
Trout Fishing,9
Tsunami,1
U.S. Air Force,11
Usama Bin Laden,14
Utah,7
V8,17
Vegetarians,15
Wall Drug,13
Wal-Mart,5
Waxing,13
Weapons,3
Wedding Cake,22
Weight Training,13
White Castles,5
Will Ferrell,2
Wine Country,7
Wisconsin,7
Witness Protection Program,3
Wives,11
Wizards,11
A Fairy,19
A Forest,1
A Giant,19
A King,19
A Pile Of Leaves,1
A Queen,19
A Saw,17
A Surprise,22
Airplanes,17
Aladdin,19
An Igloo,1
Ants,20
Apple Juice,4
Apples,4
Babies,24
Baby Dolls,16
Babysitters,11
Bad Dreams,13
Baking Cookies,8
Balloons,16
Bananas,4
Barbie Dolls,16
Barney,19
Batman,19
Bats,24
Beanie Babies,16
Bears,24
Beets,4
Bert And Ernie,0
Big Bird,24
Big Cities,7
Birds,24
Birthday Cake,22
Blowing Bubbles,23
Blowing Your Nose,23
Boats,9
Boys,11
Buddies,11
Bugs,20
Bugs Bunny,19
Bumble Bees,20
Candles,10
Candy,8
Catfish,9
Charlie Brown,19
Cheese,15
Cherry Pie,8
Chickens,24
Christmas,22
Cinderella,19
Cleaning Your Room,23
Clowns,11
Corn On The Cob,15
Cotton Candy,8
Cowboys,24
Cows,24
Dancing,21
Dinosaurs,24
Dirty Diapers,16
Dirty Socks,16
Disneyland,5
Doing The Dishes,23
Dragons,24
Drums,18
Ducks,24
Dumbo,19
Elephants,24
Face Paint,13
Farms,5
Finger Painting,13
Fire,10
Firefighters,10
Fireworks,10
Fishing,9
Flying A Kite,21
Football Players,11
Fourth Of July,22
Frosty The Snowman,19
Fur,16
George Washington,14
Getting Mail,6
Getting Sick,23
Girls,11
Glue,13
Going To A Movie,23
Going To The Dentist,23
Gold,6
Goldfish,9
Grapes,4
Grassy Hill,1
Grocery Stores,5
Gummi Bears,8
Hanukkah,22
Homework,6
Hot Chocolate,8
Hot Wheels Cars,17
Hotdogs,15
Hugs,13
Ice Cream,8
Ice Skating,21
In The Basement,5
Itchy Clothes,16
Jail,5
Jell-O,8
Jumping Rope,21
Kangaroos,24
Kittens,24
Ladybugs,20
Lemons,4
Lifeguard,21
Lightning,1
Lions,24
Macaroni And Cheese,15
Madeline,19
Mail Carrier,11
Mickey Mouse,19
Mittens,16
Monster Trucks,17
Monsters,20
Mountains,1
Muddy Feet,1
My Dad,14
My Grandma,14
My Grandpa,14
My Hair,13
My Home,5
My Mom,14
My Room,5
My Shoes,16
My Teacher,14
Night,22
Oatmeal,8
Onions,4
Oranges,4
Outer Space,1
Owls,24
Pajamas,16
Parties,22
Peanut Butter,8
Penguins,24
Peter Pan,19
Picnics,22
Pine Trees,1
Pirates,9
Pizza,15
Play-Doh,16
Playgrounds,5
Playing Checkers,21
Popcorn,8
Pounding Nails,13
Prince Charming,19
Pulling Weeds,23
Puppies,24
Rabbits,24
Raccoons,24
Raggedy Ann,19
Rats,24
Reading A Book,23
Recess,5
Riding A Bike,21
Riding A Horse,21
Rivers,1
Ronald McDonald,14
Root Beer,4
Rugrats,0
School Buses,17
Screaming,23
Seashells,9
Sesame Street,0
Sharks,9
Singing,18
Skunks,20
Sledding,21
Sleep,23
Smoke,10
Snakes,20
Snoopy,19
Snow White,19
Snowballs,1
Snowstorm,1
Soccer,21
Spaghetti,15
Spiders,20
Spit,13
Squirrels,24
Stars,1
Stuart Little,0
Summer,22
Summer Camp,22
Sunflower,4
Sunshine,1
Swimming,21
Taking A Bath,23
Teletubbies,0
The Circus,5
The First Day Of School,22
The Little Mermaid,19
The Zoo,5
Throwing Rocks,21
Throwing Up,23
Thunderstorms,1
Tomatoes,4
Toys,17
Trains,17
Treehouse,5
Turtles,24
Under My Bed,5
Watching TV,23
Waterfalls,1
Watermelon,4
Weddings,22
Whales,24
Winnie The Pooh,19
Witches,11
Worms,20
Yo-Yos,17
A Bakery,5
A Broken Leg,13
A Cookbook,15
A Crown,16
A Desert,1
A Dollar,6
A Funeral,22
A Leaky Boat,9
A Log Cabin,5
A Mermaid,19
A Microwave Oven,17
A Movie Theater,5
A Mummy,19
A Parade,22
A Piano,18
A Prince,19
A Princess,19
A Refrigerator,17
A School Dance,18
A Submarine,9
A Swimming Pool,5
A Volcano,1
Abraham Lincoln,14
Actors,11
Actresses,12
Africa,7
Airplane,17
Alaska,7
Aliens,11
Alligators,24
Artists,18
Astronauts,11
Baby Food,15
Backyards,5
Bacon,15
Bald Eagles,24
Ballerinas,11
Band-Aids,13
Barbershops,5
Baseball Fields,5
Baseball Games,21
Basketball,21
Beach Balls,9
Bee Stings,20
Beef Stew,15
Belt Buckles,16
Big Dogs,24
Bingo,6
Black Cats,24
Blood,13
Blueberries,4
Bowling,21
Boy Scouts,11
Boyfriends,11
Braces,13
Brains,13
Brothers,11
Bruises,13
Brushing Your Teeth,23
Bubble Bath,22
Bubble Gum,8
Buffalo,7
Bullfighting,21
Bunk Beds,5
Burned Toast,10
Bus Drivers,11
Butter,8
Butterflies,20
Buzz Lightyear,19
Camels,24
Cameras,17
Campfire,10
Camping,5
Canada,7
Candy Corn,8
Canoes,9
Car Crash,17
Card Games,3
Carpenters,11
Carrots,4
Castles,5
Catsup,15
Cattle Ranch,5
Caves,1
Cavities,13
CD Players,17
Cell Phones,17
Charlotte's Web,0
Cherries,4
Cheerleaders,11
Cheese Sandwich,15
Chewing Your Fingernails,23
Chicken Nuggets,15
Chicken Pox,20
China,7
Chocolate Milk,8
Chopsticks,15
Churches,5
Clay,1
Climbing A Ladder,23
Climbing A Tree,23
Clouds,1
Coffee,8
Collection Shells,6
Computers,17
Cookies,8
Cooking Dinner,15
Coral Reef,9
Cutting The Grass,23
Dance Class,18
Corn Flakes,8
Crying,23
Cupcakes,8
Dark Alleys,5
Dead Fish,9
Dictionaries,3
Dirt,1
Dirty Dishes,15
Doctors,11
Dog Food,15
Dolphins,24
Donuts,8
Doorbells,17
Driving A Car,23
Dump Trucks,17
Early Morning,22
Ears,13
Eating Breakfast,23
Egg Rolls,15
Eggs,15
Elevators,17
Elmo,19
Erasers,16
Eyes,13
Factories,17
Fairies,20
Farmers,11
Feathers,24
Flags,3
Flashlights,17
Flies,20
Flip-Flops,3
Floods,1
Flour,8
Flower Gardens,5
Football,21
Forest Fires,10
Fortune Teller,6
Freckles,13
French Fries,15
Frogs,24
Frozen Peas,4
Garages,5
Garbage Cans,17
Gas Stations,5
Getting A Haircut,23
Getting A Shot,23
Getting Head Lice,20
Getting Lost,23
Getting Stitches,13
Getting The Flu,23
Ghosts,20
GI Joe,19
Girl Scouts,11
Girlfriends,11
Glass,13
Globes,1
Goats,24
Going On A Safari,23
Going On Vacation,22
Going To School,23
Gorillas,24
Grape Jelly,8
Grapefruit,4
Gravy,15
Green Beans,4
Guitars,18
Gymnastics,21
Halloween,22
Ham Sandwhich,15
Hamburgers,15
Hammerhead Sharks,9
Hammers,3
Hamsters,24
Harry Potter,0
Haunted House,5
Having A Party,22
Helicopters,17
Hiding Places,5
High Heels,16
High School,22
Hiking In The Woods,1
Hippopotamus,24
Hitting A Home-Run,21
Hockey,21
Honey,8
Hopscotch,21
Horses,24
Hospitals,5
Hot Tubs,5
Hunters,24
Ice,1
In The Attic,5
Inchworm,20
Jelly Beans,8
Juggling,21
Kickball,21
Kindergarten,5
Kisses,8
Learning Spanish,23
Learning To Ski,21
Lego Building Blocks,17
Legs,13
Lemonade,8
Life Jackets,16
Listening To Music,23
Little Brown Mice,20
Lizards,20
Llamas,24
Lobsters,9
Long Hair,13
Losing Your Backpack,6
Love Letters,6
Magic Tricks,13
Martin Luther King,14
Mary-Kate And Ashley,12
Mashed Potatoes,15
Math,6
McDonald's,5
Meatballs,15
Mexico,7
Midnight,22
Milking A Cow,23
Miniature Golf,21
Monkeys,24
Mosquito Bites,20
Motorcycles,17
Mountain Bikes,17
Mr. Potato Head,19
Mud,1
Muffins,8
Mushrooms,4
Music,18
Music Lessons,18
Mustard,4
My Baby Blanket,16
My Best Friend,19
My Family,11
My Friends,11
My School,5
My Stuffed Animals,16
My Town,5
Nail Polish,13
Neighbors,11
New York City,7
Niagara Falls,7
Noodles,15
North Pole,7
Octopus,9
On The Roof,5
Orange Juice,4
Pacific Ocean,7
Painting A Fence,6
Pancakes,8
Panda Bears,24
Paper Route,17
Parachutes,16
Peaches,4
Peacocks,24
Peanuts,4
Pearl Earrings,16
Pencils,16
Pennies,6
Peppers,4
Perfume,13
Pickles,4
Pierced Ears,13
Pigs,24
Pillow Fights,3
Pillows,16
Pilots,11
Pimples,13
Piñatas,20
Pine Cones,4
Pineapples,4
Pinocchio,19
Planting Flowers,6
Pluto,1
Poison Ivy,20
Pokemon,9
Potato Chips,15
Power Drills,17
Power Rangers,0
Pretzels,8
Pumpkins,4
Puppets,11
Radios,17
Race Car Drivers,11
Rain,1
Rain Forests,1
Rainbows,1
Raisins,4
Raking Leaves,23
Ramona,12
Rap Music,18
Red Roses,4
Restaurants,5
Rice,15
Riding A Scooter,21
Robots,17
Rock Candy,8
Rock Concerts,18
Rock Stars,18
Rocking Chairs,18
Rocks,1
Roller Coaster,21
Rollerblading,21
Roosters,24
Running In A Race,21
Sailors,9
Salads,15
Salt,13
Sand,1
Sand Castles,1
School Lunch,15
School Pictures,17
Science Experiments,13
Science Tests,13
Scientists,11
Scooby-Doo,0
Sharp Knives,3
Ships,9
Shoplifting,23
Shopping,23
Shrimp,9
Sisters,11
Skateboards,21
Skeletons,20
Skinned Knees,13
Sleepovers,22
Sneezing,23
Snow Cones,8
Snowboarding,21
Snowflakes,1
Soldiers,11
Sparklers,16
Spelling Bees,20
Spider-Man,19
Spinach,4
Square Dancing,21
Starfish,9
Stomach Ache,13
Strawberries,4
Substitute Teachers,11
Sugar,8
Sunburns,13
Sunken Ships,9
Superman,19
Supermarkets,5
Surfing,21
Surprise Parties,22
Swamps,1
Swans,24
Swordfighting,21
Tacos,15
Taking A Shower,23
Tattoos,13
Teachers,11
Teenagers,11
Teeth,13
Television,17
Telling Scary Stories,23
Tents,5
Texas,7
Thanksgiving Day,22
The Baby-Sitters Club,11
The Beach,5
The Chicken Dance,18
The Earth,1
The Last Day Of School,22
The Library,5
The Lunchroom,5
The Mall,5
The Moon,1
The Ocean,1
The Police,11
The President,14
The Statue Of Liberty,6
Thunder,1
Tightrope Walking,21
Toasted Marshmallows,8
Toenails,13
Tomato Soup,15
Tooth Fairy,19
Toothpaste,8
Toy Poodles,16
Training Wheels,17
Truck Drivers,11
Trees,1
Tulips,4
Turkeys,24
Umbrellas,16
Underwear,16
Unicorns,24
United States,7
Vacuum Cleaners,17
Valentine's Day,22
Vanilla Pudding,8
Video Games,21
Volleyball,21
Waffles,8
Walking The Dog,23
Warts,20
Washington,7
Watching Cartoons,23
Watching Football,23
Water,1
Water Baloons,9
White Bread,8
Water Guns,9
Water Skiing,21
Waterparks,5
Whipped Cream,8
Winning A Trophy,21
Winter,1
Wishbone,16
Woodpeckers,24
Woolly Mammoth,19
Wrestling,21
Writing A Letter,6
Zebras,24
Zippers,16
Absurd,2
Addictive,6
Adorable,6
Aged,21
American,15
Ancient,24
Animated,22
Annoying,24
Appetizing,15
Arrogant,21
Awesome,24
Awkward,21
Believable,15
Bogus,12
Boisterous,22
Bold,21
Boring,1
Bright,1
Brilliant,15
Busy,21
Calm,17
Casual,20
Charismatic,17
Charming,2
Cheesy,8
Chewy,20
Chunky,17
Classic,17
Clean,13
Clueless,4
Cold,16
Colorful,10
Comfortable,17
Comical,7
Complicated,5
Confused,20
Cool,8
Corrupt,8
Cosmic,11
Cosmopolitan,12
Courageous,21
Cowardly,5
Cranky,13
Crazed,6
Crazy,20
Creative,5
Creepy,17
Cruel,10
Cuddly,21
Cute,9
Dainty,10
Dangerous,12
Dead,8
Deadly,8
Delicate,8
Delicious,10
Delightful,4
Demanding,5
Depressing,11
Desperate,7
Dignified,16
Dirty,2
Distinguished,0
Disturbing,17
Dramatic,9
Dreamy,0
Dull,10
Dysfunctional,21
Earthy,14
Easy,9
Eccentric,19
Elitist,2
Emotional,17
Eternal,8
European,3
Exciting,14
Exhausting,20
Expensive,5
Explosive,13
Exquisite,8
Extreme,0
Fabulous,17
Fake,17
Fancy,20
Fantastic,21
Feminine,12
Filthy,3
Flirtatious,13
Foreign,19
Fragrant,1
Frazzled,2
Fresh,23
Friendly,2
Frightening,16
Frivolous,23
Funky,8
Funny,16
Furious,19
Fuzzy,23
Glamorous,4
Glitzy,4
Global,20
Glorious,4
Goody-Goody,13
Graceful,7
Handsome,9
Hardworking,20
Harmful,8
Haunting,14
Healthy,0
Heartless,22
Hilarious,23
Honorable,24
Hopeless,8
Horrifying,18
Hostile,5
Hot,15
Idiotic,5
Important,4
Industrious,0
Influential,22
Innocent,22
Insane,17
Inspirational,4
Insulting,20
Intelligent,9
Intense,21
Irresistible,15
Irritating,15
Juicy,7
Lazy,22
Legendary,17
Loud,12
Lovable,16
Lucky,6
Luscious,10
Luxurious,22
Magical,8
Manly,7
Masculine,5
Meek,2
Melodramatic,10
Mischievous,10
Miserable,5
Misunderstood,5
Mysterious,4
Mystical,4
Naive,19
Nasty,19
Natural,6
Neat,7
Neglected,20
Nerdy,17
Normal,3
Obnoxious,7
Odd,20
Offensive,4
Ordinary,19
Organic,10
Outrageous,8
Overwhelming,8
Painful,11
Pathetic,3
Patriotic,4
Peaceful,13
Perfect,17
Philosophical,13
Phony,4
Playful,8
Popular,22
Powerful,0
Primitive,9
Principled,8
Profound,0
Puffy,8
Pure,13
Quiet,5
Radiant,11
Radical,6
Rare,2
Realistic,7
Refined,20
Refreshing,15
Relaxing,17
Repulsive,24
Responsible,17
Revolutionary,9
Rich,5
Ridiculous,23
Risky,7
Rough,11
Saintly,20
Sappy,5
Scary,16
Scenic,21
Selfish,15
Senseless,15
Sensitive,24
Sensual,4
Sexy,3
Shallow,7
Sharp,17
Shiny,17
Shocking,22
Shy,16
Silly,24
Smart,19
Smelly,1
Smooth,10
Snappy,5
Soft,20
Speedy,7
Spicy,10
Spiritual,13
Spooky,10
Spunky,7
Squeaky Clean,17
Stereotyped,7
Stunning,17
Sultry,5
Sweet,9
Swift,13
Talented,3
Tame,24
Technological,21
Temperamental,24
Timeless,21
Touchy-Feely,14
Tough,4
Trustworthy,2
Twisted,17
Unbelievable,4
Unforgettable,1
Unhealthy,1
Unnatural,17
Unreal,18
Unscrupulous,18
Unusual,10
Useless,1
Violent,15
Virtuous,6
Visionary,17
Weird,17
Wicked,2
Wild,11
Witty,19
Woebegone,18
Worldly,16
Zany,21
Amazing,24
Armed & Dangerous,14
Attractive,2
Bashful,2
Big & Tall,4
Black & Blue,17
Black & White,17
Brains & Brawn,9
Bright & Shining,17
Brutal,13
Clever,17
Clumsy,17
Conceited,7
Controversial,24
Cool & Collected,15
Cozy,13
Creepy & Crawly,18
Crisp,10
Crisp & Delicious,15
Cruel & Unusual,19
Cut & Dried,21
Cute & Cuddly,4
Dark,24
Dashing,1
Dazed & Confused,8
Dead & Gone,1
Devious,3
Down & Dirty,3
Down & Out,3
Drunk & Disorderly,3
Dumb & Dumber,3
Edgy,16
Enchanting,18
Endangered,1
Energetic,7
Enjoyable,22
Enormous,14
Entertaining,4
Evil,13
Famous,11
Fashionable,4
Fast,19
Fast & Furious,14
Fast & Loose,6
Fat & Happy,14
Flaky,16
Flamboyant,14
Flavorful,2
Flawed,3
Foot Loose & Fancy Free,3
Fragile,5
Fun,7
Gloomy,2
Goofy,23
Gorgeous,24
Grueling,7
Gruesome,6
Grungy,21
Hale & Hearty,23
Handy,5
Harsh,21
Hazardous,17
High & Dry,3
High & Low,4
High & Mighty,23
Hit & Miss,1
Hot & Bothered,21
Hot & Cold,10
Hot & Heavy,20
Hot & Muggy,1
Hot & Spicy,3
Hot & Sweaty,19
Huge,5
Humorous,0
Icky,12
Ideal,21
Jolly,13
Lean & Mean,4
Lewd & Lascivious,5
Light & Fluffy,5
Long & Lean,5
Loud & Clear,20
Mean,0
Meek & Mild,20
Mesmerizing,17
Messy,5
Modern,20
Naughty & Nice,20
Neat & Clean,5
New & Improved,5
Nutty,8
Obscene,7
Old,9
Old & Cranky,17
Old & Wise,17
On The Up & Up,20
Perverse,20
Plain & Simple,7
Plug & Play,7
Plump & Tender,17
Pretty,17
Prim & Proper,17
Quick & Dirty,20
Raw,7
Respectable,7
Rough & Ready,11
Secretive,13
Sensational,7
Short & Stout,20
Short & Sweet,10
Sick & Tired,16
Sick & Twisted,0
Sickening,17
Slow & Steady,12
Sluggish,11
Smooth & Creamy,18
Sophisticated,5
Special,11
Spic & Span,22
Stupid,16
Swift & Sure,10
Tasty,8
Tempting,15
Tender,17
Terrific,1
Thick & Chunky,11
Tormenting,18
Torn & Tattered,11
Touch & Go,15
Trashy,8
Tried & True,5
True & Blue,21
Up & Coming,5
Up & Down,3
Vain,7
Warm & Cozy,22
Warm & Fuzzy,2
Wash & Wear,7
Whimsical,7
Wild & Wooly,12
Wired,17
Young & Restless,5
Active,6
Affectionate,7
Alluring,17
Artistic,24
Astonishing,13
Authentic,7
Beloved,17
Bewildering,16
Bitter,0
Bulky,7
Childish,20
Cheerful,4
Cautious,9
Careless,7
Captivating,5
Clear,10
Common,17
Complex,17
Confusing,0
Corny,7
Costly,11
Crunchy,6
Daring,17
Darling,17
Dazzling,19
Deep,8
Defective,13
Dense,2
Deteriorated,11
Devoted,4
Difficult,10
Disagreeable,22
Disappointing,15
Disgraceful,9
Disgusting,1
Distracting,1
Disturbed,17
Dopey,9
Drab,6
Dreadful,24
Dumb,15
Durable,15
Edible,24
Elegant,17
Embarrassing,24
Engaging,24
Enlightened,24
Essential,4
Exceptional,24
Exotic,19
Extravagant,6
Familiar,24
Feisty,24
Ferocious,24
Festive,15
Fireproof,24
First-class,24
Fishy,15
Flammable,17
Flexible,22
Frail,17
Frisky,5
Frustrating,16
Ghetto,5
Gigantic,15
Greasy,20
Gross,4
Grumpy,17
Hazy,2
Heartbreaking,0
Immoral,13
Impressive,11
Incredible,22
Inexperienced,19
Inferior,12
Informal,7
Intellectual,19
Intoxicating,8
Intricate,13
Intriguing,17
Joyful,3
Lame,5
Liberated,3
Little,3
Lively,10
Logical,3
Magnetic,10
Magnificent,10
Naughty,18
Necessary,4
Needy,10
Nerve-racking,6
Neurotic,14
Non-threatening,23
Old-fashioned,19
Orderly,18
Passionate,18
Perishable,10
Perky,8
Pitiful,22
Plentiful,4
Politically Correct,16
Polluted,0
Practical,7
Precious,23
Precise,4
Proper,4
Puzzling,21
Quick,17
Quirky,3
Reckless,19
Regal,16
Reliable,15
Reserved,0
Revealing,1
Revolting,19
Ripe,1
Romantic,1
Scented,4
Sensible,3
Shabby,22
Significant,22
Silent,8
Slippery,4
Solid,15
Sour,9
Space-aged,17
Sporty,12
Stately,11
Sticky,17
Strange,20
Sturdy,22
Stylish,22
Superior,20
Thick,9
Tormented,6
Trite,13
Trivial,15
Uplifting,22
Valuable,12
Warm,9
Well-preserved,18
Worthless,7
Bad,7
Big,16
Boring,23
Brave,17
Clean,5
Cold,16
Colorful,17
Creepy,4
Cute,8
Dangerous,23
Dark,17
Dirty,20
Exciting,9
Fancy,5
Fast,13
Fat,12
Fun,11
Funny,9
Fuzzy,13
Good,13
Great,3
Hairy,20
Happy,7
Hard,10
Heavy,21
Helpful,14
Hot,12
Important,23
Jolly,23
Juicy,4
Large,10
Light,23
Lively,19
Loud,2
Lumpy,8
Mean,15
New,10
Nice,1
Noisy,11
Old,14
Pretty,5
Quiet,9
Rough,19
Shaggy,11
Sharp,22
Shiny,10
Short,20
Silly,2
Skinny,19
Slippery,1
Sloppy,22
Slow,23
Small,8
Smooth,9
Soft,6
Sour,8
Spooky,17
Stinky,20
Strange,20
Strong,15
Sweet,8
Tall,16
Tasty,4
Tiny,21
Ugly,22
Useful,0
Warm,4
Weird,3
Wet,18
Wild,11
Wonderful,8
Yucky,8
Adorable,3
Amazing,21
Annoying,4
Attractive,4
Awful,11
Beautiful,13
Best,24
Bitter,6
Bold,6
Bright,6
Bumpy,6
Busy,6
Calm,6
Careful,6
Caring,6
Charming,6
Cheerful,15
Chewy,9
Chubby,11
Clumsy,6
Comfortable,0
Confusing,11
Cool,15
Costly,15
Courageous,11
Cozy,6
Crazy,15
Crooked,11
Crunchy,11
Cuddly,11
Curved,6
Dainty,15
Daring,9
Delicate,15
Delicious,9
Difficult,6
Disgusting,6
Dull,11
Dumb,6
Easy,6
Elderly,21
Energetic,11
Enjoyable,6
Enormous,11
Entertaining,15
Excellent,9
Expensive,11
Famous,9
Fascinating,13
Favorite,5
Fearful,13
Flat,15
Flavorful,11
Fragile,11
Frail,11
Fresh,15
Friendly,18
Frightening,23
Furry,9
Gentle,1
Gigantic,15
Goofy,15
Gorgeous,6
Graceful,9
Handy,1
Hardworking,5
Harmful,15
Healthy,6
Honest,11
Horrible,9
Huge,6
Interesting,13
Kind,11
Lazy,15
Little,7
Long,9
Lovable,21
Loving,17
Lucky,1
Magical,5
Messy,2
Miserable,1
Mushy,17
Mysterious,8
Nasty,8
Natural,11
Neat,16
Odd,20
Ordinary,20
Painful,15
Pale,1
Peaceful,14
Perfect,21
Plain,23
Playful,4
Pleasant,22
Polite,0
Poor,14
Powerful,11
Practical,21
Proud,10
Quick,5
Relaxed,23
Rich,5
Round,17
Sad,12
Scary,22
Scented,5
Serious,11
Shy,17
Sickening,2
Silent,23
Silky,15
Simple,15
Skillful,1
Slender,8
Slimy,11
Smart,24
Smelly,8
Sneaky,9
Special,19
Speedy,16
Sporty,7
Spotless,20
Sticky,17
Straight,23
Surprising,23
Talented,19
Tame,24
Terrible,11
Thick,4
Thin,23
Thoughtful,12
Tough,6
Trustworthy,20
Unforgettable,10
Unhappy,13
Untamed,13
Useless,15
Valuable,19
Weak,8
Wide,15
Worthless,2
Young,4
